2018,maserati,granturismo
2017,maserati,levante
2018,maserati,levante
2018,maserati,quattroporte
2012,mini,cooper roadster
2013,mini,cooper roadster
2014,mini,cooper roadster
2018,mini,cooper roadster
2010,mini,cooper
2011,mini,cooper
2012,mini,cooper
2013,mini,cooper
2014,mini,cooper
2015,mini,cooper
2016,mini,cooper
2017,mini,cooper
2018,mini,cooper
2012,mini,cooper coupe
2013,mini,cooper coupe
2014,mini,cooper coupe
2018,mini,cooper coupe
2011,mini,cooper countryman
2012,mini,cooper countryman
2013,mini,cooper countryman
2014,mini,cooper countryman
2015,mini,cooper countryman
2016,mini,cooper countryman
2017,mini,cooper countryman
2018,mini,cooper countryman
2010,mini,cooper clubman
2011,mini,cooper clubman
2012,mini,cooper clubman
2013,mini,cooper clubman
2014,mini,cooper clubman
2016,mini,cooper clubman
2017,mini,cooper clubman
2018,mini,cooper clubman
2014,mini,cooper paceman
2015,mini,cooper paceman
2018,mini,cooper paceman
2010,chevrolet,silverado hd
2011,chevrolet,silverado hd
2018,chevrolet,silverado hd
2016,chevrolet,malibu hybrid
2017,chevrolet,malibu hybrid
2018,chevrolet,malibu hybrid
2018,chevrolet,monte carlo
2018,chevrolet,malibu maxx
2010,chevrolet,tahoe
2011,chevrolet,tahoe
2012,chevrolet,tahoe
2013,chevrolet,tahoe
2014,chevrolet,tahoe
2015,chevrolet,tahoe
2016,chevrolet,tahoe
2017,chevrolet,tahoe
2018,chevrolet,tahoe
2010,chevrolet,aveo
2018,chevrolet,aveo
2012,chevrolet,sonic
2013,chevrolet,sonic
2014,chevrolet,sonic
2015,chevrolet,sonic
2016,chevrolet,sonic
2017,chevrolet,sonic
2018,chevrolet,sonic
2010,chevrolet,malibu
2011,chevrolet,malibu
2012,chevrolet,malibu
2013,chevrolet,malibu
2014,chevrolet,malibu
2015,chevrolet,malibu
2016,chevrolet,malibu
2017,chevrolet,malibu
2018,chevrolet,malibu
2010,chevrolet,tahoe hybrid
2011,chevrolet,tahoe hybrid
2012,chevrolet,tahoe hybrid
2018,chevrolet,tahoe hybrid
2010,chevrolet,express
2011,chevrolet,express
2018,chevrolet,express
2015,chevrolet,trax
2016,chevrolet,trax
2017,chevrolet,trax
2018,chevrolet,trax
2017,chevrolet,bolt
2018,chevrolet,bolt
2013,chevrolet,spark
2014,chevrolet,spark
2015,chevrolet,spark
2016,chevrolet,spark
2017,chevrolet,spark
2018,chevrolet,spark
2011,chevrolet,cruze
2012,chevrolet,cruze
2013,chevrolet,cruze
2014,chevrolet,cruze
2015,chevrolet,cruze
2016,chevrolet,cruze
2017,chevrolet,cruze
2018,chevrolet,cruze
2018,chevrolet,uplander
2018,chevrolet,trailblazer
2010,chevrolet,camaro
2011,chevrolet,camaro
2012,chevrolet,camaro
2013,chevrolet,camaro
2014,chevrolet,camaro
2015,chevrolet,camaro
2016,chevrolet,camaro
2017,chevrolet,camaro
2018,chevrolet,camaro
2010,chevrolet,impala
2011,chevrolet,impala
2012,chevrolet,impala
2013,chevrolet,impala
2014,chevrolet,impala
2015,chevrolet,impala
2016,chevrolet,impala
2017,chevrolet,impala
2018,chevrolet,impala
2010,chevrolet,silverado 1500
2011,chevrolet,silverado 1500
2012,chevrolet,silverado 1500
2013,chevrolet,silverado 1500
2014,chevrolet,silverado 1500
2015,chevrolet,silverado 1500
2016,chevrolet,silverado 1500
2017,chevrolet,silverado 1500
2018,chevrolet,silverado 1500
2010,chevrolet,hhr
2018,chevrolet,hhr
2010,chevrolet,traverse
2011,chevrolet,traverse
2012,chevrolet,traverse
2013,chevrolet,traverse
2014,chevrolet,traverse
2015,chevrolet,traverse
2016,chevrolet,traverse
2017,chevrolet,traverse
2018,chevrolet,traverse
2010,chevrolet,equinox
2011,chevrolet,equinox
2012,chevrolet,equinox
2013,chevrolet,equinox
2014,chevrolet,equinox
2015,chevrolet,equinox
2016,chevrolet,equinox
2017,chevrolet,equinox
2018,chevrolet,equinox
2018,chevrolet,equinox
2010,chevrolet,colorado
2011,chevrolet,colorado
2012,chevrolet,colorado
2015,chevrolet,colorado
2016,chevrolet,colorado
2017,chevrolet,colorado
2018,chevrolet,colorado
2010,chevrolet,corvette
2011,chevrolet,corvette
2012,chevrolet,corvette
2013,chevrolet,corvette
2014,chevrolet,corvette
2015,chevrolet,corvette
2016,chevrolet,corvette
2017,chevrolet,corvette
2018,chevrolet,corvette
2018,chevrolet,corvette
2010,chevrolet,suburban
2011,chevrolet,suburban
2012,chevrolet,suburban
2013,chevrolet,suburban
2014,chevrolet,suburban
2015,chevrolet,suburban
2016,chevrolet,suburban
2017,chevrolet,suburban
2018,chevrolet,suburban
2018,chevrolet,cobalt
2014,chevrolet,ss
2015,chevrolet,ss
2016,chevrolet,ss
2018,chevrolet,ss
2010,chevrolet,avalanche
2011,chevrolet,avalanche
2012,chevrolet,avalanche
2018,chevrolet,avalanche
2010,chevrolet,silverado 1500 hybrid
2011,chevrolet,silverado 1500 hybrid
2012,chevrolet,silverado 1500 hybrid
2018,chevrolet,silverado 1500 hybrid
2011,chevrolet,volt
2012,chevrolet,volt
2013,chevrolet,volt
2014,chevrolet,volt
2015,chevrolet,volt
2016,chevrolet,volt
2017,chevrolet,volt
2018,chevrolet,volt
2010,porsche,911
2011,porsche,911
2012,porsche,911
2013,porsche,911
2014,porsche,911
2015,porsche,911
2016,porsche,911
2017,porsche,911
2018,porsche,911
2018,porsche,911 gt3
2010,porsche,cayman
2011,porsche,cayman
2012,porsche,cayman
2014,porsche,cayman
2015,porsche,cayman
2016,porsche,cayman
2017,porsche,cayman
2018,porsche,cayman
2010,porsche,cayenne
2011,porsche,cayenne
2012,porsche,cayenne
2013,porsche,cayenne
2014,porsche,cayenne
2015,porsche,cayenne
2016,porsche,cayenne
2017,porsche,cayenne
2018,porsche,cayenne
2018,porsche,cayenne
2012,porsche,cayenne hybrid
2013,porsche,cayenne hybrid
2014,porsche,cayenne hybrid
2015,porsche,cayenne hybrid
2016,porsche,cayenne hybrid
2017,porsche,cayenne hybrid
2018,porsche,cayenne hybrid
2018,porsche,cayenne hybrid
2015,porsche,macan
2016,porsche,macan
2017,porsche,macan
2018,porsche,macan
2010,porsche,boxster
2011,porsche,boxster
2012,porsche,boxster
2013,porsche,boxster
2014,porsche,boxster
2015,porsche,boxster
2016,porsche,boxster
2017,porsche,boxster
2018,porsche,boxster
2010,porsche,panamera
2011,porsche,panamera
2012,porsche,panamera
2013,porsche,panamera
2014,porsche,panamera
2015,porsche,panamera
2016,porsche,panamera
2017,porsche,panamera
2018,porsche,panamera
2018,porsche,911 turbo
2018,lamborghini,murcielago
2010,lamborghini,gallardo
2018,lamborghini,gallardo
2017,mercedes benz,slc class
2018,mercedes benz,slc class
2015,mercedes benz,gla class
2016,mercedes benz,gla class
2017,mercedes benz,gla class
2018,mercedes benz,gla class
2010,mercedes benz,sprinter
2011,mercedes benz,sprinter
2018,mercedes benz,sprinter
2010,mercedes benz,r class
2011,mercedes benz,r class
2018,mercedes benz,r class
2010,mercedes benz,cls class
2011,mercedes benz,cls class
2012,mercedes benz,cls class
2013,mercedes benz,cls class
2014,mercedes benz,cls class
2015,mercedes benz,cls class
2016,mercedes benz,cls class
2017,mercedes benz,cls class
2018,mercedes benz,cls class
2010,mercedes benz,slk class
2011,mercedes benz,slk class
2012,mercedes benz,slk class
2013,mercedes benz,slk class
2014,mercedes benz,slk class
2015,mercedes benz,slk class
2018,mercedes benz,slk class
2010,mercedes benz,glk class
2011,mercedes benz,glk class
2012,mercedes benz,glk class
2013,mercedes benz,glk class
2014,mercedes benz,glk class
2018,mercedes benz,glk class
2010,mercedes benz,c class
2011,mercedes benz,c class
2012,mercedes benz,c class
2013,mercedes benz,c class
2014,mercedes benz,c class
2015,mercedes benz,c class
2016,mercedes benz,c class
2017,mercedes benz,c class
2018,mercedes benz,c class
2018,mercedes benz,c class
2016,mercedes benz,gle class
2017,mercedes benz,gle class
2018,mercedes benz,gle class
2010,mercedes benz,s class
2011,mercedes benz,s class
2012,mercedes benz,s class
2013,mercedes benz,s class
2014,mercedes benz,s class
2015,mercedes benz,s class
2016,mercedes benz,s class
2017,mercedes benz,s class
2018,mercedes benz,s class
2010,mercedes benz,e class coupe
2018,mercedes benz,e class coupe
2016,mercedes benz,glc class
2017,mercedes benz,glc class
2018,mercedes benz,glc class
2018,mercedes benz,gt
2011,mercedes benz,sl class
2013,mercedes benz,sl class
2014,mercedes benz,sl class
2015,mercedes benz,sl class
2016,mercedes benz,sl class
2017,mercedes benz,sl class
2018,mercedes benz,sl class
2017,mercedes benz,gls class
2018,mercedes benz,gls class
2010,mercedes benz,gl class
2011,mercedes benz,gl class
2012,mercedes benz,gl class
2013,mercedes benz,gl class
2014,mercedes benz,gl class
2015,mercedes benz,gl class
2018,mercedes benz,gl class
2010,mercedes benz,cl class
2018,mercedes benz,cl class
2010,mercedes benz,s class hybrid
2011,mercedes benz,s class hybrid
2018,mercedes benz,s class hybrid
2018,mercedes benz,e class wagon
2014,mercedes benz,cla class
2015,mercedes benz,cla class
2016,mercedes benz,cla class
2017,mercedes benz,cla class
2018,mercedes benz,cla class
2018,mercedes benz,clk class
2010,mercedes benz,g class
2011,mercedes benz,g class
2012,mercedes benz,g class
2013,mercedes benz,g class
2014,mercedes benz,g class
2015,mercedes benz,g class
2016,mercedes benz,g class
2017,mercedes benz,g class
2018,mercedes benz,g class
2010,mercedes benz,m class
2011,mercedes benz,m class
2012,mercedes benz,m class
2013,mercedes benz,m class
2014,mercedes benz,m class
2018,mercedes benz,m class
2010,mercedes benz,e class
2011,mercedes benz,e class
2012,mercedes benz,e class
2013,mercedes benz,e class
2014,mercedes benz,e class
2015,mercedes benz,e class
2016,mercedes benz,e class
2017,mercedes benz,e class
2018,mercedes benz,e class
2010,volkswagen,jetta sportwagen
2011,volkswagen,jetta sportwagen
2012,volkswagen,jetta sportwagen
2013,volkswagen,jetta sportwagen
2018,volkswagen,jetta sportwagen
2018,volkswagen,gli
2010,volkswagen,routan
2011,volkswagen,routan
2018,volkswagen,routan
2010,volkswagen,golf
2011,volkswagen,golf
2012,volkswagen,golf
2013,volkswagen,golf
2014,volkswagen,golf
2015,volkswagen,golf
2016,volkswagen,golf
2017,volkswagen,golf
2018,volkswagen,golf
2018,volkswagen,rabbit
2010,volkswagen,cc
2011,volkswagen,cc
2012,volkswagen,cc
2013,volkswagen,cc
2014,volkswagen,cc
2015,volkswagen,cc
2016,volkswagen,cc
2018,volkswagen,cc
2010,volkswagen,gti
2011,volkswagen,gti
2012,volkswagen,gti
2013,volkswagen,gti
2014,volkswagen,gti
2015,volkswagen,gti
2016,volkswagen,gti
2017,volkswagen,gti
2018,volkswagen,gti
2010,volkswagen,tiguan
2011,volkswagen,tiguan
2012,volkswagen,tiguan
2013,volkswagen,tiguan
2014,volkswagen,tiguan
2015,volkswagen,tiguan
2016,volkswagen,tiguan
2017,volkswagen,tiguan
2018,volkswagen,tiguan
2018,volkswagen,passat wagon
2010,volkswagen,touareg
2011,volkswagen,touareg
2012,volkswagen,touareg
2013,volkswagen,touareg
2014,volkswagen,touareg
2015,volkswagen,touareg
2016,volkswagen,touareg
2018,volkswagen,touareg
2015,volkswagen,golf sportwagen
2016,volkswagen,golf sportwagen
2017,volkswagen,golf sportwagen
2018,volkswagen,golf sportwagen
2010,volkswagen,eos
2011,volkswagen,eos
2012,volkswagen,eos
2013,volkswagen,eos
2014,volkswagen,eos
2018,volkswagen,eos
2018,volkswagen,new beetle
2018,volkswagen,arteon
2013,volkswagen,jetta hybrid
2018,volkswagen,jetta hybrid
2012,volkswagen,beetle
2013,volkswagen,beetle
2014,volkswagen,beetle
2015,volkswagen,beetle
2016,volkswagen,beetle
2017,volkswagen,beetle
2018,volkswagen,beetle
2018,volkswagen,atlas
2010,volkswagen,passat
2012,volkswagen,passat
2013,volkswagen,passat
2014,volkswagen,passat
2015,volkswagen,passat
2016,volkswagen,passat
2017,volkswagen,passat
2018,volkswagen,passat
2012,volkswagen,touareg hybrid
2013,volkswagen,touareg hybrid
2018,volkswagen,touareg hybrid
2018,volkswagen,r32
2010,volkswagen,jetta
2011,volkswagen,jetta
2012,volkswagen,jetta
2013,volkswagen,jetta
2014,volkswagen,jetta
2015,volkswagen,jetta
2016,volkswagen,jetta
2017,volkswagen,jetta
2018,volkswagen,jetta
2018,volkswagen,jetta
2017,genesis,g80
2018,genesis,g80
2018,genesis,g70
2017,genesis,g90
2018,genesis,g90
2010,smart,fortwo
2018,smart,fortwo
2012,smart,fortwo
2013,smart,fortwo
2018,smart,fortwo
2017,alfa romeo,giulia
2018,alfa romeo,giulia
2018,alfa romeo,stelvio
2015,alfa romeo,4c
2016,alfa romeo,4c
2017,alfa romeo,4c
2018,alfa romeo,4c
2018,isuzu,i 370
2018,isuzu,ascender
2018,isuzu,i 290
2010,cadillac,escalade
2011,cadillac,escalade
2012,cadillac,escalade
2013,cadillac,escalade
2014,cadillac,escalade
2015,cadillac,escalade
2016,cadillac,escalade
2017,cadillac,escalade
2018,cadillac,escalade
2016,cadillac,ct6
2017,cadillac,ct6
2018,cadillac,ct6
2013,cadillac,xts
2014,cadillac,xts
2015,cadillac,xts
2016,cadillac,xts
2017,cadillac,xts
2018,cadillac,xts
2010,cadillac,cts
2011,cadillac,cts
2012,cadillac,cts
2013,cadillac,cts
2014,cadillac,cts
2015,cadillac,cts
2016,cadillac,cts
2017,cadillac,cts
2018,cadillac,cts
2010,cadillac,cts sport wagon
2011,cadillac,cts sport wagon
2018,cadillac,cts sport wagon
2017,cadillac,xt5
2018,cadillac,xt5
2010,cadillac,escalade ext
2011,cadillac,escalade ext
2012,cadillac,escalade ext
2018,cadillac,escalade ext
2014,cadillac,elr
2018,cadillac,elr
2013,cadillac,ats
2014,cadillac,ats
2015,cadillac,ats
2016,cadillac,ats
2017,cadillac,ats
2018,cadillac,ats
2010,cadillac,sts
2018,cadillac,sts
2010,cadillac,dts
2018,cadillac,dts
2010,cadillac,srx
2011,cadillac,srx
2012,cadillac,srx
2013,cadillac,srx
2014,cadillac,srx
2015,cadillac,srx
2018,cadillac,srx
2018,cadillac,xlr
2010,cadillac,escalade hybrid
2011,cadillac,escalade hybrid
2018,cadillac,escalade hybrid
2010,honda,accord
2011,honda,accord
2012,honda,accord
2013,honda,accord
2014,honda,accord
2015,honda,accord
2016,honda,accord
2017,honda,accord
2018,honda,accord
2014,honda,accord hybrid
2015,honda,accord hybrid
2017,honda,accord hybrid
2018,honda,accord hybrid
2010,honda,fit
2011,honda,fit
2012,honda,fit
2013,honda,fit
2015,honda,fit
2016,honda,fit
2017,honda,fit
2018,honda,fit
2018,honda,fit
2010,honda,cr v
2011,honda,cr v
2012,honda,cr v
2013,honda,cr v
2014,honda,cr v
2015,honda,cr v
2016,honda,cr v
2017,honda,cr v
2018,honda,cr v
2010,honda,civic
2011,honda,civic
2012,honda,civic
2013,honda,civic
2014,honda,civic
2015,honda,civic
2016,honda,civic
2017,honda,civic
2018,honda,civic
2011,honda,cr z
2012,honda,cr z
2013,honda,cr z
2014,honda,cr z
2015,honda,cr z
2018,honda,cr z
2010,honda,crosstour
2011,honda,crosstour
2012,honda,crosstour
2013,honda,crosstour
2014,honda,crosstour
2018,honda,crosstour
2018,honda,accord plug in
2010,honda,element
2018,honda,element
2010,honda,ridgeline
2011,honda,ridgeline
2012,honda,ridgeline
2013,honda,ridgeline
2014,honda,ridgeline
2017,honda,ridgeline
2018,honda,ridgeline
2018,honda,ridgeline
2010,honda,insight
2011,honda,insight
2012,honda,insight
2013,honda,insight
2014,honda,insight
2018,honda,insight
2016,honda,hr v
2017,honda,hr v
2018,honda,hr v
2018,honda,clarity
2010,honda,civic hybrid
2011,honda,civic hybrid
2012,honda,civic hybrid
2013,honda,civic hybrid
2014,honda,civic hybrid
2018,honda,civic hybrid
2010,honda,odyssey
2011,honda,odyssey
2012,honda,odyssey
2013,honda,odyssey
2014,honda,odyssey
2015,honda,odyssey
2016,honda,odyssey
2017,honda,odyssey
2018,honda,odyssey
2018,honda,odyssey
2010,honda,pilot
2011,honda,pilot
2012,honda,pilot
2013,honda,pilot
2014,honda,pilot
2015,honda,pilot
2016,honda,pilot
2017,honda,pilot
2018,honda,pilot
2012,hyundai,veloster
2013,hyundai,veloster
2014,hyundai,veloster
2015,hyundai,veloster
2016,hyundai,veloster
2017,hyundai,veloster
2018,hyundai,veloster
2018,hyundai,entourage
2010,hyundai,sonata
2011,hyundai,sonata
2012,hyundai,sonata
2013,hyundai,sonata
2014,hyundai,sonata
2015,hyundai,sonata
2016,hyundai,sonata
2017,hyundai,sonata
2018,hyundai,sonata
2010,hyundai,accent
2011,hyundai,accent
2012,hyundai,accent
2013,hyundai,accent
2014,hyundai,accent
2015,hyundai,accent
2016,hyundai,accent
2017,hyundai,accent
2018,hyundai,accent
2010,hyundai,santa fe
2011,hyundai,santa fe
2012,hyundai,santa fe
2013,hyundai,santa fe
2014,hyundai,santa fe
2015,hyundai,santa fe
2016,hyundai,santa fe
2017,hyundai,santa fe
2018,hyundai,santa fe
2011,hyundai,sonata hybrid
2012,hyundai,sonata hybrid
2013,hyundai,sonata hybrid
2014,hyundai,sonata hybrid
2015,hyundai,sonata hybrid
2016,hyundai,sonata hybrid
2017,hyundai,sonata hybrid
2018,hyundai,sonata hybrid
2010,hyundai,azera
2011,hyundai,azera
2012,hyundai,azera
2013,hyundai,azera
2014,hyundai,azera
2015,hyundai,azera
2016,hyundai,azera
2018,hyundai,azera
2018,hyundai,kona
2018,hyundai,tiburon
2010,hyundai,tucson
2011,hyundai,tucson
2012,hyundai,tucson
2013,hyundai,tucson
2014,hyundai,tucson
2015,hyundai,tucson
2016,hyundai,tucson
2017,hyundai,tucson
2018,hyundai,tucson
2010,hyundai,elantra
2011,hyundai,elantra
2012,hyundai,elantra
2013,hyundai,elantra
2014,hyundai,elantra
2015,hyundai,elantra
2016,hyundai,elantra
2017,hyundai,elantra
2018,hyundai,elantra
2010,hyundai,genesis coupe
2011,hyundai,genesis coupe
2012,hyundai,genesis coupe
2013,hyundai,genesis coupe
2014,hyundai,genesis coupe
2015,hyundai,genesis coupe
2018,hyundai,genesis coupe
2010,hyundai,veracruz
2011,hyundai,veracruz
2018,hyundai,veracruz
2017,hyundai,ioniq
2018,hyundai,ioniq
2010,hyundai,elantra touring
2011,hyundai,elantra touring
2018,hyundai,elantra touring
2010,hyundai,genesis
2011,hyundai,genesis
2012,hyundai,genesis
2013,hyundai,genesis
2014,hyundai,genesis
2015,hyundai,genesis
2018,hyundai,genesis
2011,hyundai,equus
2012,hyundai,equus
2013,hyundai,equus
2014,hyundai,equus
2015,hyundai,equus
2018,hyundai,equus
2013,ford,c max hybrid
2014,ford,c max hybrid
2015,ford,c max hybrid
2016,ford,c max hybrid
2017,ford,c max hybrid
2018,ford,c max hybrid
2018,ford,super duty
2013,ford,focus electric
2014,ford,focus electric
2018,ford,focus electric
2010,ford,e series
2011,ford,e series
2018,ford,e series
2018,ford,taurus x
2010,ford,fusion hybrid
2011,ford,fusion hybrid
2012,ford,fusion hybrid
2013,ford,fusion hybrid
2014,ford,fusion hybrid
2015,ford,fusion hybrid
2016,ford,fusion hybrid
2017,ford,fusion hybrid
2018,ford,fusion hybrid
2018,ford,crown victoria
2010,ford,flex
2011,ford,flex
2012,ford,flex
2013,ford,flex
2014,ford,flex
2015,ford,flex
2016,ford,flex
2017,ford,flex
2018,ford,flex
2018,ford,flex
2010,ford,explorer
2011,ford,explorer
2012,ford,explorer
2013,ford,explorer
2014,ford,explorer
2015,ford,explorer
2016,ford,explorer
2017,ford,explorer
2018,ford,explorer
2011,ford,fiesta
2012,ford,fiesta
2013,ford,fiesta
2014,ford,fiesta
2015,ford,fiesta
2016,ford,fiesta
2017,ford,fiesta
2018,ford,fiesta
2013,ford,c max energi
2014,ford,c max energi
2015,ford,c max energi
2016,ford,c max energi
2018,ford,c max energi
2018,ford,explorer sport trac
2010,ford,ranger
2018,ford,ranger
2010,ford,fusion
2011,ford,fusion
2012,ford,fusion
2013,ford,fusion
2014,ford,fusion
2015,ford,fusion
2016,ford,fusion
2017,ford,fusion
2018,ford,fusion
2018,ford,fusion
2018,ford,ecosport
2010,ford,f 150
2011,ford,f 150
2012,ford,f 150
2013,ford,f 150
2014,ford,f 150
2015,ford,f 150
2016,ford,f 150
2017,ford,f 150
2018,ford,f 150
2018,ford,econoline
2010,ford,edge
2011,ford,edge
2012,ford,edge
2013,ford,edge
2014,ford,edge
2015,ford,edge
2016,ford,edge
2017,ford,edge
2018,ford,edge
2010,ford,escape hybrid
2011,ford,escape hybrid
2018,ford,escape hybrid
2010,ford,taurus
2011,ford,taurus
2012,ford,taurus
2013,ford,taurus
2014,ford,taurus
2015,ford,taurus
2016,ford,taurus
2017,ford,taurus
2018,ford,taurus
2010,ford,transit connect
2011,ford,transit connect
2018,ford,transit connect
2011,ford,super duty
2018,ford,super duty
2013,ford,fusion energi
2014,ford,fusion energi
2015,ford,fusion energi
2016,ford,fusion energi
2017,ford,fusion energi
2018,ford,fusion energi
2010,ford,expedition
2011,ford,expedition
2012,ford,expedition
2013,ford,expedition
2014,ford,expedition
2015,ford,expedition
2016,ford,expedition
2017,ford,expedition
2018,ford,expedition
2010,ford,focus
2011,ford,focus
2012,ford,focus
2013,ford,focus
2014,ford,focus
2015,ford,focus
2016,ford,focus
2017,ford,focus
2018,ford,focus
2010,ford,escape
2011,ford,escape
2012,ford,escape
2013,ford,escape
2014,ford,escape
2015,ford,escape
2016,ford,escape
2017,ford,escape
2018,ford,escape
2010,ford,mustang
2011,ford,mustang
2012,ford,mustang
2013,ford,mustang
2014,ford,mustang
2015,ford,mustang
2016,ford,mustang
2017,ford,mustang
2018,ford,mustang
2011,mazda,mazda2
2012,mazda,mazda2
2013,mazda,mazda2
2018,mazda,mazda2
2010,mazda,mx 5 miata
2011,mazda,mx 5 miata
2012,mazda,mx 5 miata
2013,mazda,mx 5 miata
2014,mazda,mx 5 miata
2015,mazda,mx 5 miata
2016,mazda,mx 5 miata
2017,mazda,mx 5 miata
2018,mazda,mx 5 miata
2010,mazda,cx 9
2011,mazda,cx 9
2012,mazda,cx 9
2013,mazda,cx 9
2014,mazda,cx 9
2015,mazda,cx 9
2016,mazda,cx 9
2017,mazda,cx 9
2018,mazda,cx 9
2010,mazda,cx 7
2011,mazda,cx 7
2018,mazda,cx 7
2010,mazda,mazda3
2011,mazda,mazda3
2012,mazda,mazda3
2013,mazda,mazda3
2014,mazda,mazda3
2015,mazda,mazda3
2016,mazda,mazda3
2017,mazda,mazda3
2018,mazda,mazda3
2013,mazda,cx 5
2014,mazda,cx 5
2015,mazda,cx 5
2016,mazda,cx 5
2017,mazda,cx 5
2018,mazda,cx 5
2018,mazda,b series
2016,mazda,cx 3
2017,mazda,cx 3
2018,mazda,cx 3
2010,mazda,mazda6
2011,mazda,mazda6
2012,mazda,mazda6
2013,mazda,mazda6
2014,mazda,mazda6
2015,mazda,mazda6
2016,mazda,mazda6
2017,mazda,mazda6
2018,mazda,mazda6
2018,mazda,mazdaspeed3
2010,mazda,rx 8
2018,mazda,rx 8
2010,mazda,mazda5
2012,mazda,mazda5
2013,mazda,mazda5
2014,mazda,mazda5
2018,mazda,mazda5
2010,mazda,tribute
2018,mazda,tribute
2018,mazda,mazda6 wagon
2010,jeep,grand cherokee
2011,jeep,grand cherokee
2012,jeep,grand cherokee
2013,jeep,grand cherokee
2014,jeep,grand cherokee
2015,jeep,grand cherokee
2016,jeep,grand cherokee
2017,jeep,grand cherokee
2018,jeep,grand cherokee
2010,jeep,patriot
2011,jeep,patriot
2012,jeep,patriot
2013,jeep,patriot
2014,jeep,patriot
2015,jeep,patriot
2016,jeep,patriot
2018,jeep,patriot
2015,jeep,renegade
2016,jeep,renegade
2017,jeep,renegade
2018,jeep,renegade
2014,jeep,cherokee
2015,jeep,cherokee
2016,jeep,cherokee
2017,jeep,cherokee
2018,jeep,cherokee
2018,jeep,cherokee
2010,jeep,wrangler
2011,jeep,wrangler
2012,jeep,wrangler
2013,jeep,wrangler
2014,jeep,wrangler
2015,jeep,wrangler
2016,jeep,wrangler
2017,jeep,wrangler
2018,jeep,wrangler
2010,jeep,liberty
2011,jeep,liberty
2018,jeep,liberty
2018,jeep,commander
2010,jeep,compass
2011,jeep,compass
2012,jeep,compass
2013,jeep,compass
2014,jeep,compass
2015,jeep,compass
2016,jeep,compass
2017,jeep,compass
2018,jeep,compass
2018,saab,9 3 wagon
2018,saab,9 3
2010,saab,9 5
2018,saab,9 5
2018,saab,9 5 wagon
2018,saab,9 4x
2018,saab,9 7x
2014,infiniti,q50
2015,infiniti,q50
2016,infiniti,q50
2017,infiniti,q50
2018,infiniti,q50
2017,infiniti,qx30
2018,infiniti,qx30
2018,infiniti,jx
2018,infiniti,q40
2010,infiniti,g37
2011,infiniti,g37
2012,infiniti,g37
2018,infiniti,g37
2014,infiniti,qx60
2015,infiniti,qx60
2016,infiniti,qx60
2017,infiniti,qx60
2018,infiniti,qx60
2010,infiniti,fx
2011,infiniti,fx
2012,infiniti,fx
2018,infiniti,fx
2012,infiniti,m hybrid
2018,infiniti,m hybrid
2010,infiniti,m
2011,infiniti,m
2012,infiniti,m
2018,infiniti,m
2010,infiniti,qx56
2011,infiniti,qx56
2012,infiniti,qx56
2018,infiniti,qx56
2014,infiniti,qx50
2015,infiniti,qx50
2016,infiniti,qx50
2017,infiniti,qx50
2018,infiniti,qx50
2010,infiniti,ex
2011,infiniti,ex
2012,infiniti,ex
2018,infiniti,ex
2014,infiniti,qx70
2015,infiniti,qx70
2016,infiniti,qx70
2018,infiniti,qx70
2018,infiniti,g35
2014,infiniti,q50 hybrid
2018,infiniti,q50 hybrid
2014,infiniti,qx80
2015,infiniti,qx80
2016,infiniti,qx80
2017,infiniti,qx80
2018,infiniti,qx80
2014,infiniti,q60
2015,infiniti,q60
2017,infiniti,q60
2018,infiniti,q60
2014,infiniti,q70
2015,infiniti,q70
2016,infiniti,q70
2017,infiniti,q70
2018,infiniti,q70
2010,bmw,6 series
2012,bmw,6 series
2013,bmw,6 series
2014,bmw,6 series
2015,bmw,6 series
2016,bmw,6 series
2017,bmw,6 series
2018,bmw,6 series
2011,bmw,7 series hybrid
2018,bmw,7 series hybrid
2018,bmw,5 series wagon
2013,bmw,3 series hybrid
2018,bmw,3 series hybrid
2012,bmw,5 series hybrid
2018,bmw,5 series hybrid
2014,bmw,4 series
2015,bmw,4 series
2016,bmw,4 series
2017,bmw,4 series
2018,bmw,4 series
2018,bmw,4 series
2010,bmw,x6
2011,bmw,x6
2012,bmw,x6
2013,bmw,x6
2014,bmw,x6
2015,bmw,x6
2016,bmw,x6
2017,bmw,x6
2018,bmw,x6
2013,bmw,x1
2014,bmw,x1
2015,bmw,x1
2016,bmw,x1
2017,bmw,x1
2018,bmw,x1
2014,bmw,i3
2015,bmw,i3
2016,bmw,i3
2017,bmw,i3
2018,bmw,i3
2010,bmw,7 series
2011,bmw,7 series
2012,bmw,7 series
2013,bmw,7 series
2014,bmw,7 series
2015,bmw,7 series
2016,bmw,7 series
2017,bmw,7 series
2018,bmw,7 series
2010,bmw,z4
2011,bmw,z4
2012,bmw,z4
2013,bmw,z4
2014,bmw,z4
2015,bmw,z4
2018,bmw,z4
2010,bmw,3 series wagon
2011,bmw,3 series wagon
2018,bmw,3 series wagon
2010,bmw,x3
2011,bmw,x3
2012,bmw,x3
2013,bmw,x3
2014,bmw,x3
2015,bmw,x3
2016,bmw,x3
2017,bmw,x3
2018,bmw,x3
2018,bmw,x3
2018,bmw,x2
2010,bmw,1 series
2011,bmw,1 series
2012,bmw,1 series
2018,bmw,1 series
2010,bmw,3 series
2011,bmw,3 series
2012,bmw,3 series
2013,bmw,3 series
2014,bmw,3 series
2015,bmw,3 series
2016,bmw,3 series
2017,bmw,3 series
2018,bmw,3 series
2014,bmw,2 series
2015,bmw,2 series
2016,bmw,2 series
2017,bmw,2 series
2018,bmw,2 series
2010,bmw,5 series
2011,bmw,5 series
2012,bmw,5 series
2013,bmw,5 series
2014,bmw,5 series
2015,bmw,5 series
2016,bmw,5 series
2017,bmw,5 series
2018,bmw,5 series
2015,bmw,x4
2016,bmw,x4
2017,bmw,x4
2018,bmw,x4
2018,bmw,x4
2010,bmw,x5
2011,bmw,x5
2012,bmw,x5
2013,bmw,x5
2014,bmw,x5
2015,bmw,x5
2016,bmw,x5
2017,bmw,x5
2018,bmw,x5
2010,kia,optima
2011,kia,optima
2012,kia,optima
2013,kia,optima
2014,kia,optima
2015,kia,optima
2016,kia,optima
2017,kia,optima
2018,kia,optima
2014,kia,cadenza
2015,kia,cadenza
2016,kia,cadenza
2017,kia,cadenza
2018,kia,cadenza
2018,kia,rondo
2018,kia,amanti
2018,kia,stinger
2010,kia,rio
2011,kia,rio
2012,kia,rio
2013,kia,rio
2014,kia,rio
2015,kia,rio
2016,kia,rio
2017,kia,rio
2018,kia,rio
2018,kia,rio5
2010,kia,soul
2011,kia,soul
2012,kia,soul
2013,kia,soul
2014,kia,soul
2015,kia,soul
2016,kia,soul
2017,kia,soul
2018,kia,soul
2010,kia,sportage
2011,kia,sportage
2012,kia,sportage
2013,kia,sportage
2014,kia,sportage
2015,kia,sportage
2016,kia,sportage
2017,kia,sportage
2018,kia,sportage
2018,kia,spectra
2010,kia,forte
2011,kia,forte
2012,kia,forte
2013,kia,forte
2014,kia,forte
2015,kia,forte
2016,kia,forte
2017,kia,forte
2018,kia,forte
2018,kia,spectra5
2011,kia,optima hybrid
2012,kia,optima hybrid
2013,kia,optima hybrid
2014,kia,optima hybrid
2015,kia,optima hybrid
2016,kia,optima hybrid
2017,kia,optima hybrid
2018,kia,optima hybrid
2017,kia,niro
2018,kia,niro
2015,kia,k900
2016,kia,k900
2018,kia,k900
2011,kia,sorento
2012,kia,sorento
2013,kia,sorento
2014,kia,sorento
2015,kia,sorento
2016,kia,sorento
2017,kia,sorento
2018,kia,sorento
2018,kia,sorento
2010,kia,sedona
2011,kia,sedona
2012,kia,sedona
2014,kia,sedona
2015,kia,sedona
2016,kia,sedona
2017,kia,sedona
2018,kia,sedona
2018,kia,borrego
2018,mitsubishi,raider
2010,mitsubishi,galant
2011,mitsubishi,galant
2018,mitsubishi,galant
2010,mitsubishi,outlander
2011,mitsubishi,outlander
2012,mitsubishi,outlander
2013,mitsubishi,outlander
2014,mitsubishi,outlander
2015,mitsubishi,outlander
2016,mitsubishi,outlander
2017,mitsubishi,outlander
2018,mitsubishi,outlander
2018,mitsubishi,i
2010,mitsubishi,eclipse
2011,mitsubishi,eclipse
2018,mitsubishi,eclipse
2018,mitsubishi,eclipse cross
2014,mitsubishi,mirage
2015,mitsubishi,mirage
2017,mitsubishi,mirage
2018,mitsubishi,mirage
2010,mitsubishi,endeavor
2018,mitsubishi,endeavor
2010,mitsubishi,lancer
2011,mitsubishi,lancer
2012,mitsubishi,lancer
2013,mitsubishi,lancer
2014,mitsubishi,lancer
2015,mitsubishi,lancer
2016,mitsubishi,lancer
2018,mitsubishi,lancer
2011,mitsubishi,outlander sport
2012,mitsubishi,outlander sport
2013,mitsubishi,outlander sport
2014,mitsubishi,outlander sport
2015,mitsubishi,outlander sport
2016,mitsubishi,outlander sport
2017,mitsubishi,outlander sport
2018,mitsubishi,outlander sport
2018,land rover,range rover velar
2010,land rover,range rover
2011,land rover,range rover
2012,land rover,range rover
2013,land rover,range rover
2014,land rover,range rover
2015,land rover,range rover
2016,land rover,range rover
2017,land rover,range rover
2018,land rover,range rover
2015,land rover,discovery sport
2016,land rover,discovery sport
2017,land rover,discovery sport
2018,land rover,discovery sport
2018,land rover,lr3
2010,land rover,lr2
2011,land rover,lr2
2012,land rover,lr2
2013,land rover,lr2
2014,land rover,lr2
2018,land rover,lr2
2010,land rover,lr4
2011,land rover,lr4
2012,land rover,lr4
2013,land rover,lr4
2014,land rover,lr4
2015,land rover,lr4
2018,land rover,lr4
2012,land rover,range rover evoque
2013,land rover,range rover evoque
2014,land rover,range rover evoque
2015,land rover,range rover evoque
2016,land rover,range rover evoque
2017,land rover,range rover evoque
2018,land rover,range rover evoque
2010,land rover,range rover sport
2011,land rover,range rover sport
2012,land rover,range rover sport
2013,land rover,range rover sport
2014,land rover,range rover sport
2015,land rover,range rover sport
2016,land rover,range rover sport
2017,land rover,range rover sport
2018,land rover,range rover sport
2017,land rover,discovery
2018,land rover,discovery
2010,suzuki,kizashi
2011,suzuki,kizashi
2012,suzuki,kizashi
2018,suzuki,kizashi
2010,suzuki,equator
2011,suzuki,equator
2018,suzuki,equator
2018,suzuki,xl7
2018,suzuki,reno
2018,suzuki,aerio
2010,suzuki,sx4
2011,suzuki,sx4
2012,suzuki,sx4
2018,suzuki,sx4
2018,suzuki,sx4 wagon
2018,suzuki,forenza
2010,suzuki,grand vitara
2011,suzuki,grand vitara
2012,suzuki,grand vitara
2018,suzuki,grand vitara
2018,dodge,ram hd
2010,dodge,caliber
2011,dodge,caliber
2018,dodge,caliber
2010,dodge,avenger
2011,dodge,avenger
2012,dodge,avenger
2013,dodge,avenger
2018,dodge,avenger
2018,dodge,ram 1500
2018,dodge,caravan
2013,dodge,srt viper
2018,dodge,srt viper
2011,dodge,durango
2012,dodge,durango
2013,dodge,durango
2014,dodge,durango
2015,dodge,durango
2016,dodge,durango
2017,dodge,durango
2018,dodge,durango
2013,dodge,dart
2014,dodge,dart
2015,dodge,dart
2018,dodge,dart
2018,dodge,sprinter
2010,dodge,challenger
2011,dodge,challenger
2012,dodge,challenger
2013,dodge,challenger
2014,dodge,challenger
2015,dodge,challenger
2016,dodge,challenger
2017,dodge,challenger
2018,dodge,challenger
2010,dodge,journey
2011,dodge,journey
2012,dodge,journey
2013,dodge,journey
2014,dodge,journey
2015,dodge,journey
2016,dodge,journey
2017,dodge,journey
2018,dodge,journey
2010,dodge,nitro
2018,dodge,nitro
2010,dodge,charger
2011,dodge,charger
2012,dodge,charger
2013,dodge,charger
2014,dodge,charger
2015,dodge,charger
2016,dodge,charger
2017,dodge,charger
2018,dodge,charger
2018,dodge,dakota
2018,dodge,magnum
2010,dodge,viper
2015,dodge,viper
2016,dodge,viper
2018,dodge,viper
2010,dodge,grand caravan
2011,dodge,grand caravan
2012,dodge,grand caravan
2013,dodge,grand caravan
2014,dodge,grand caravan
2015,dodge,grand caravan
2016,dodge,grand caravan
2017,dodge,grand caravan
2018,dodge,grand caravan
2018,lincoln,nautilus
2015,lincoln,mkc
2016,lincoln,mkc
2017,lincoln,mkc
2018,lincoln,mkc
2018,lincoln,mkc
2018,lincoln,town car
2011,lincoln,mkz hybrid
2018,lincoln,mkz hybrid
2017,lincoln,continental
2018,lincoln,continental
2010,lincoln,mkt
2011,lincoln,mkt
2012,lincoln,mkt
2013,lincoln,mkt
2014,lincoln,mkt
2015,lincoln,mkt
2016,lincoln,mkt
2017,lincoln,mkt
2018,lincoln,mkt
2010,lincoln,mks
2011,lincoln,mks
2012,lincoln,mks
2013,lincoln,mks
2014,lincoln,mks
2015,lincoln,mks
2018,lincoln,mks
2010,lincoln,navigator
2011,lincoln,navigator
2012,lincoln,navigator
2013,lincoln,navigator
2014,lincoln,navigator
2015,lincoln,navigator
2016,lincoln,navigator
2017,lincoln,navigator
2018,lincoln,navigator
2010,lincoln,mkz
2011,lincoln,mkz
2012,lincoln,mkz
2013,lincoln,mkz
2014,lincoln,mkz
2015,lincoln,mkz
2016,lincoln,mkz
2017,lincoln,mkz
2018,lincoln,mkz
2018,lincoln,mark lt
2010,lincoln,mkx
2011,lincoln,mkx
2012,lincoln,mkx
2013,lincoln,mkx
2014,lincoln,mkx
2015,lincoln,mkx
2016,lincoln,mkx
2017,lincoln,mkx
2018,lincoln,mkx
2011,acura,tsx sport wagon
2012,acura,tsx sport wagon
2013,acura,tsx sport wagon
2018,acura,tsx sport wagon
2010,acura,zdx
2011,acura,zdx
2012,acura,zdx
2018,acura,zdx
2010,acura,tl
2011,acura,tl
2012,acura,tl
2013,acura,tl
2018,acura,tl
2015,acura,tlx
2016,acura,tlx
2017,acura,tlx
2018,acura,tlx
2018,acura,tlx
2010,acura,rdx
2011,acura,rdx
2012,acura,rdx
2013,acura,rdx
2014,acura,rdx
2015,acura,rdx
2016,acura,rdx
2017,acura,rdx
2018,acura,rdx
2018,acura,rdx
2017,acura,nsx
2018,acura,nsx
2010,acura,mdx
2011,acura,mdx
2012,acura,mdx
2013,acura,mdx
2014,acura,mdx
2015,acura,mdx
2016,acura,mdx
2017,acura,mdx
2018,acura,mdx
2014,acura,rlx
2015,acura,rlx
2016,acura,rlx
2017,acura,rlx
2018,acura,rlx
2010,acura,tsx
2011,acura,tsx
2012,acura,tsx
2013,acura,tsx
2018,acura,tsx
2010,acura,rl
2011,acura,rl
2018,acura,rl
2013,acura,ilx hybrid
2018,acura,ilx hybrid
2013,acura,ilx
2014,acura,ilx
2015,acura,ilx
2016,acura,ilx
2017,acura,ilx
2018,acura,ilx
2017,acura,mdx hybrid
2018,acura,mdx hybrid
2011,jaguar,xj
2012,jaguar,xj
2013,jaguar,xj
2014,jaguar,xj
2015,jaguar,xj
2016,jaguar,xj
2017,jaguar,xj
2018,jaguar,xj
2014,jaguar,f type
2015,jaguar,f type
2016,jaguar,f type
2017,jaguar,f type
2018,jaguar,f type
2010,jaguar,xk
2011,jaguar,xk
2018,jaguar,xk
2010,jaguar,xf
2011,jaguar,xf
2012,jaguar,xf
2013,jaguar,xf
2014,jaguar,xf
2015,jaguar,xf
2016,jaguar,xf
2017,jaguar,xf
2018,jaguar,xf
2017,jaguar,xe
2018,jaguar,xe
2017,jaguar,f pace
2018,jaguar,f pace
2018,jaguar,i pace
2018,jaguar,xjr
2018,jaguar,xkr
2018,jaguar,x type wagon
2018,jaguar,s type
2018,jaguar,x type
2018,jaguar,e pace
2010,gmc,sierra 1500 hybrid
2011,gmc,sierra 1500 hybrid
2012,gmc,sierra 1500 hybrid
2018,gmc,sierra 1500 hybrid
2010,gmc,sierra 1500
2011,gmc,sierra 1500
2012,gmc,sierra 1500
2013,gmc,sierra 1500
2014,gmc,sierra 1500
2015,gmc,sierra 1500
2016,gmc,sierra 1500
2017,gmc,sierra 1500
2018,gmc,sierra 1500
2010,gmc,yukon hybrid
2011,gmc,yukon hybrid
2012,gmc,yukon hybrid
2018,gmc,yukon hybrid
2010,gmc,terrain
2011,gmc,terrain
2012,gmc,terrain
2013,gmc,terrain
2014,gmc,terrain
2015,gmc,terrain
2016,gmc,terrain
2017,gmc,terrain
2018,gmc,terrain
2018,gmc,envoy
2010,gmc,canyon
2011,gmc,canyon
2012,gmc,canyon
2015,gmc,canyon
2016,gmc,canyon
2017,gmc,canyon
2018,gmc,canyon
2010,gmc,acadia
2011,gmc,acadia
2012,gmc,acadia
2013,gmc,acadia
2014,gmc,acadia
2015,gmc,acadia
2016,gmc,acadia
2017,gmc,acadia
2018,gmc,acadia
2010,gmc,savana
2011,gmc,savana
2018,gmc,savana
2010,gmc,yukon
2011,gmc,yukon
2012,gmc,yukon
2013,gmc,yukon
2014,gmc,yukon
2015,gmc,yukon
2016,gmc,yukon
2017,gmc,yukon
2018,gmc,yukon
2010,gmc,sierra hd
2011,gmc,sierra hd
2018,gmc,sierra hd
2017,toyota,86
2018,toyota,86
2013,toyota,avalon hybrid
2014,toyota,avalon hybrid
2015,toyota,avalon hybrid
2016,toyota,avalon hybrid
2017,toyota,avalon hybrid
2018,toyota,avalon hybrid
2018,toyota,avalon hybrid
2012,toyota,prius v
2013,toyota,prius v
2014,toyota,prius v
2015,toyota,prius v
2016,toyota,prius v
2018,toyota,prius v
2010,toyota,matrix
2011,toyota,matrix
2012,toyota,matrix
2018,toyota,matrix
2010,toyota,tundra
2011,toyota,tundra
2012,toyota,tundra
2013,toyota,tundra
2014,toyota,tundra
2015,toyota,tundra
2016,toyota,tundra
2017,toyota,tundra
2018,toyota,tundra
2010,toyota,prius
2011,toyota,prius
2012,toyota,prius
2013,toyota,prius
2014,toyota,prius
2015,toyota,prius
2016,toyota,prius
2017,toyota,prius
2018,toyota,prius
2016,toyota,rav4 hybrid
2017,toyota,rav4 hybrid
2018,toyota,rav4 hybrid
2010,toyota,land cruiser
2011,toyota,land cruiser
2013,toyota,land cruiser
2014,toyota,land cruiser
2015,toyota,land cruiser
2016,toyota,land cruiser
2017,toyota,land cruiser
2018,toyota,land cruiser
2010,toyota,avalon
2011,toyota,avalon
2012,toyota,avalon
2013,toyota,avalon
2014,toyota,avalon
2015,toyota,avalon
2016,toyota,avalon
2017,toyota,avalon
2018,toyota,avalon
2018,toyota,avalon
2010,toyota,4runner
2011,toyota,4runner
2012,toyota,4runner
2013,toyota,4runner
2014,toyota,4runner
2015,toyota,4runner
2016,toyota,4runner
2017,toyota,4runner
2018,toyota,4runner
2012,toyota,prius c
2013,toyota,prius c
2014,toyota,prius c
2015,toyota,prius c
2016,toyota,prius c
2017,toyota,prius c
2018,toyota,prius c
2010,toyota,sequoia
2011,toyota,sequoia
2012,toyota,sequoia
2013,toyota,sequoia
2014,toyota,sequoia
2015,toyota,sequoia
2016,toyota,sequoia
2017,toyota,sequoia
2018,toyota,sequoia
2018,toyota,c hr
2017,toyota,prius prime
2018,toyota,prius prime
2014,toyota,prius plug in
2018,toyota,prius plug in
2010,toyota,corolla
2011,toyota,corolla
2012,toyota,corolla
2013,toyota,corolla
2014,toyota,corolla
2015,toyota,corolla
2016,toyota,corolla
2017,toyota,corolla
2018,toyota,corolla
2010,toyota,yaris
2011,toyota,yaris
2012,toyota,yaris
2013,toyota,yaris
2014,toyota,yaris
2015,toyota,yaris
2016,toyota,yaris
2017,toyota,yaris
2018,toyota,yaris
2018,toyota,camry solara
2010,toyota,camry
2011,toyota,camry
2012,toyota,camry
2013,toyota,camry
2014,toyota,camry
2015,toyota,camry
2016,toyota,camry
2017,toyota,camry
2018,toyota,camry
2010,toyota,venza
2011,toyota,venza
2012,toyota,venza
2013,toyota,venza
2014,toyota,venza
2018,toyota,venza
2010,toyota,camry hybrid
2011,toyota,camry hybrid
2012,toyota,camry hybrid
2013,toyota,camry hybrid
2014,toyota,camry hybrid
2015,toyota,camry hybrid
2016,toyota,camry hybrid
2017,toyota,camry hybrid
2018,toyota,camry hybrid
2012,toyota,prius plug in
2018,toyota,prius plug in
2010,toyota,fj cruiser
2011,toyota,fj cruiser
2012,toyota,fj cruiser
2013,toyota,fj cruiser
2018,toyota,fj cruiser
2010,toyota,highlander hybrid
2011,toyota,highlander hybrid
2012,toyota,highlander hybrid
2013,toyota,highlander hybrid
2014,toyota,highlander hybrid
2015,toyota,highlander hybrid
2016,toyota,highlander hybrid
2017,toyota,highlander hybrid
2018,toyota,highlander hybrid
2017,toyota,corolla im
2018,toyota,corolla im
2010,toyota,rav4
2011,toyota,rav4
2012,toyota,rav4
2013,toyota,rav4
2014,toyota,rav4
2015,toyota,rav4
2016,toyota,rav4
2017,toyota,rav4
2018,toyota,rav4
2010,toyota,highlander
2011,toyota,highlander
2012,toyota,highlander
2013,toyota,highlander
2014,toyota,highlander
2015,toyota,highlander
2016,toyota,highlander
2017,toyota,highlander
2018,toyota,highlander
2010,toyota,sienna
2011,toyota,sienna
2012,toyota,sienna
2013,toyota,sienna
2014,toyota,sienna
2015,toyota,sienna
2016,toyota,sienna
2017,toyota,sienna
2018,toyota,sienna
2010,toyota,tacoma
2011,toyota,tacoma
2012,toyota,tacoma
2013,toyota,tacoma
2014,toyota,tacoma
2015,toyota,tacoma
2016,toyota,tacoma
2017,toyota,tacoma
2018,toyota,tacoma
2017,toyota,yaris ia
2018,toyota,yaris ia
2018,nissan,350z
2010,nissan,pathfinder
2011,nissan,pathfinder
2012,nissan,pathfinder
2013,nissan,pathfinder
2014,nissan,pathfinder
2015,nissan,pathfinder
2016,nissan,pathfinder
2017,nissan,pathfinder
2018,nissan,pathfinder
2011,nissan,leaf
2012,nissan,leaf
2013,nissan,leaf
2014,nissan,leaf
2015,nissan,leaf
2016,nissan,leaf
2017,nissan,leaf
2018,nissan,leaf
2010,nissan,frontier
2011,nissan,frontier
2012,nissan,frontier
2013,nissan,frontier
2014,nissan,frontier
2015,nissan,frontier
2016,nissan,frontier
2017,nissan,frontier
2018,nissan,frontier
2010,nissan,murano
2011,nissan,murano
2012,nissan,murano
2013,nissan,murano
2014,nissan,murano
2015,nissan,murano
2016,nissan,murano
2017,nissan,murano
2018,nissan,murano
2010,nissan,versa
2011,nissan,versa
2012,nissan,versa
2013,nissan,versa
2014,nissan,versa
2015,nissan,versa
2016,nissan,versa
2017,nissan,versa
2018,nissan,versa
2011,nissan,juke
2012,nissan,juke
2013,nissan,juke
2014,nissan,juke
2015,nissan,juke
2016,nissan,juke
2018,nissan,juke
2010,nissan,cube
2011,nissan,cube
2012,nissan,cube
2013,nissan,cube
2018,nissan,cube
2010,nissan,altima
2011,nissan,altima
2012,nissan,altima
2013,nissan,altima
2014,nissan,altima
2015,nissan,altima
2016,nissan,altima
2017,nissan,altima
2018,nissan,altima
2010,nissan,rogue
2011,nissan,rogue
2012,nissan,rogue
2013,nissan,rogue
2014,nissan,rogue
2015,nissan,rogue
2016,nissan,rogue
2017,nissan,rogue
2018,nissan,rogue
2010,nissan,370z
2011,nissan,370z
2012,nissan,370z
2013,nissan,370z
2014,nissan,370z
2015,nissan,370z
2016,nissan,370z
2017,nissan,370z
2018,nissan,370z
2011,nissan,quest
2012,nissan,quest
2013,nissan,quest
2014,nissan,quest
2015,nissan,quest
2018,nissan,quest
2010,nissan,xterra
2011,nissan,xterra
2012,nissan,xterra
2013,nissan,xterra
2014,nissan,xterra
2018,nissan,xterra
2018,nissan,kicks
2018,nissan,pathfinder hybrid
2018,nissan,nv
2010,nissan,altima hybrid
2018,nissan,altima hybrid
2010,nissan,sentra
2011,nissan,sentra
2012,nissan,sentra
2013,nissan,sentra
2014,nissan,sentra
2015,nissan,sentra
2016,nissan,sentra
2017,nissan,sentra
2018,nissan,sentra
2010,nissan,gt r
2011,nissan,gt r
2012,nissan,gt r
2013,nissan,gt r
2014,nissan,gt r
2015,nissan,gt r
2016,nissan,gt r
2017,nissan,gt r
2018,nissan,gt r
2010,nissan,maxima
2011,nissan,maxima
2012,nissan,maxima
2013,nissan,maxima
2014,nissan,maxima
2016,nissan,maxima
2017,nissan,maxima
2018,nissan,maxima
2017,nissan,rogue sport
2018,nissan,rogue sport
2017,nissan,rogue hybrid
2018,nissan,rogue hybrid
2010,nissan,titan
2011,nissan,titan
2012,nissan,titan
2013,nissan,titan
2014,nissan,titan
2015,nissan,titan
2017,nissan,titan
2018,nissan,titan
2010,nissan,armada
2011,nissan,armada
2012,nissan,armada
2013,nissan,armada
2014,nissan,armada
2015,nissan,armada
2017,nissan,armada
2018,nissan,armada
2010,aston martin,db9
2018,aston martin,db9
2018,aston martin,vantage
2018,aston martin,dbs
2018,volvo,v90
2010,volvo,xc70
2011,volvo,xc70
2012,volvo,xc70
2013,volvo,xc70
2014,volvo,xc70
2015,volvo,xc70
2018,volvo,xc70
2010,volvo,c70
2011,volvo,c70
2012,volvo,c70
2018,volvo,c70
2018,volvo,xc40
2018,volvo,v70
2015,volvo,v60
2016,volvo,v60
2017,volvo,v60
2018,volvo,v60
2010,volvo,s80
2011,volvo,s80
2012,volvo,s80
2013,volvo,s80
2014,volvo,s80
2015,volvo,s80
2018,volvo,s80
2010,volvo,xc60
2011,volvo,xc60
2012,volvo,xc60
2013,volvo,xc60
2014,volvo,xc60
2015,volvo,xc60
2016,volvo,xc60
2017,volvo,xc60
2018,volvo,xc60
2017,volvo,s90
2018,volvo,s90
2010,volvo,s40
2018,volvo,s40
2010,volvo,v50
2018,volvo,v50
2010,volvo,xc90
2011,volvo,xc90
2012,volvo,xc90
2013,volvo,xc90
2014,volvo,xc90
2016,volvo,xc90
2017,volvo,xc90
2018,volvo,xc90
2010,volvo,c30
2011,volvo,c30
2012,volvo,c30
2018,volvo,c30
2011,volvo,s60
2012,volvo,s60
2013,volvo,s60
2014,volvo,s60
2015,volvo,s60
2016,volvo,s60
2017,volvo,s60
2018,volvo,s60
2018,ferrari,599 gtb fiorano
2010,ferrari,california
2018,ferrari,california
2018,ferrari,f458 italia
2018,ferrari,612 scaglietti
2018,ferrari,f430
2010,chrysler,300
2011,chrysler,300
2012,chrysler,300
2013,chrysler,300
2014,chrysler,300
2015,chrysler,300
2016,chrysler,300
2017,chrysler,300
2018,chrysler,300
2018,chrysler,aspen
2017,chrysler,pacifica hybrid
2018,chrysler,pacifica hybrid
2018,chrysler,crossfire
2018,chrysler,pt cruiser
2017,chrysler,pacifica
2018,chrysler,pacifica
2010,chrysler,town country
2011,chrysler,town country
2012,chrysler,town country
2013,chrysler,town country
2014,chrysler,town country
2015,chrysler,town country
2018,chrysler,town country
2018,chrysler,sebring
2012,fiat,500
2013,fiat,500
2014,fiat,500
2015,fiat,500
2016,fiat,500
2018,fiat,500
2018,fiat,500
2016,fiat,500x
2017,fiat,500x
2018,fiat,500x
2017,fiat,124 spider
2018,fiat,124 spider
2014,fiat,500l
2015,fiat,500l
2016,fiat,500l
2017,fiat,500l
2018,fiat,500l
2010,lotus,elise
2018,lotus,elise
2010,lotus,exige
2018,lotus,exige
2011,ram,1500
2012,ram,1500
2013,ram,1500
2014,ram,1500
2015,ram,1500
2016,ram,1500
2017,ram,1500
2018,ram,1500
2018,ram,1500
2018,ram,dakota
2011,ram,hd
2018,ram,hd
2016,tesla,model x
2017,tesla,model x
2018,tesla,model x
2018,tesla,model 3
2018,tesla,roadster
2013,tesla,model s
2014,tesla,model s
2015,tesla,model s
2016,tesla,model s
2017,tesla,model s
2018,tesla,model s
2010,subaru,impreza
2011,subaru,impreza
2012,subaru,impreza
2013,subaru,impreza
2014,subaru,impreza
2015,subaru,impreza
2016,subaru,impreza
2017,subaru,impreza
2018,subaru,impreza
2018,subaru,ascent
2010,subaru,tribeca
2011,subaru,tribeca
2012,subaru,tribeca
2013,subaru,tribeca
2018,subaru,tribeca
2010,subaru,forester
2011,subaru,forester
2012,subaru,forester
2013,subaru,forester
2014,subaru,forester
2015,subaru,forester
2016,subaru,forester
2017,subaru,forester
2018,subaru,forester
2014,subaru,xv crosstrek hybrid
2018,subaru,xv crosstrek hybrid
2010,subaru,outback
2011,subaru,outback
2012,subaru,outback
2013,subaru,outback
2014,subaru,outback
2015,subaru,outback
2016,subaru,outback
2017,subaru,outback
2018,subaru,outback
2010,subaru,legacy
2011,subaru,legacy
2012,subaru,legacy
2013,subaru,legacy
2014,subaru,legacy
2015,subaru,legacy
2016,subaru,legacy
2017,subaru,legacy
2018,subaru,legacy
2013,subaru,xv crosstrek
2014,subaru,xv crosstrek
2018,subaru,xv crosstrek
2016,subaru,crosstrek
2017,subaru,crosstrek
2018,subaru,crosstrek
2018,subaru,impreza wagon
2018,subaru,crosstrek hybrid
2015,subaru,wrx
2016,subaru,wrx
2017,subaru,wrx
2018,subaru,wrx
2013,subaru,brz
2014,subaru,brz
2015,subaru,brz
2016,subaru,brz
2017,subaru,brz
2018,subaru,brz
2010,buick,lacrosse
2011,buick,lacrosse
2012,buick,lacrosse
2013,buick,lacrosse
2014,buick,lacrosse
2015,buick,lacrosse
2016,buick,lacrosse
2017,buick,lacrosse
2018,buick,lacrosse
2017,buick,envision
2018,buick,envision
2018,buick,envision
2010,buick,enclave
2011,buick,enclave
2012,buick,enclave
2013,buick,enclave
2014,buick,enclave
2015,buick,enclave
2016,buick,enclave
2017,buick,enclave
2018,buick,enclave
2016,buick,cascada
2017,buick,cascada
2018,buick,cascada
2018,buick,cascada
2018,buick,rendezvous
2011,buick,regal
2012,buick,regal
2013,buick,regal
2014,buick,regal
2015,buick,regal
2016,buick,regal
2017,buick,regal
2018,buick,regal
2010,buick,lucerne
2018,buick,lucerne
2012,buick,verano
2013,buick,verano
2014,buick,verano
2015,buick,verano
2016,buick,verano
2018,buick,verano
2013,buick,encore
2014,buick,encore
2015,buick,encore
2016,buick,encore
2017,buick,encore
2018,buick,encore
2018,buick,encore
2018,buick,rainier
2010,lexus,rx 350
2011,lexus,rx 350
2012,lexus,rx 350
2013,lexus,rx 350
2014,lexus,rx 350
2015,lexus,rx 350
2016,lexus,rx 350
2017,lexus,rx 350
2018,lexus,rx 350
2018,lexus,sc
2010,lexus,gs
2011,lexus,gs
2013,lexus,gs
2014,lexus,gs
2015,lexus,gs
2016,lexus,gs
2017,lexus,gs
2018,lexus,gs
2018,lexus,lc
2010,lexus,hs
2011,lexus,hs
2018,lexus,hs
2010,lexus,is
2011,lexus,is
2012,lexus,is
2013,lexus,is
2014,lexus,is
2015,lexus,is
2016,lexus,is
2017,lexus,is
2018,lexus,is
2015,lexus,rc
2016,lexus,rc
2017,lexus,rc
2018,lexus,rc
2010,lexus,gx
2011,lexus,gx
2012,lexus,gx
2013,lexus,gx
2014,lexus,gx
2015,lexus,gx
2016,lexus,gx
2017,lexus,gx
2018,lexus,gx
2015,lexus,nx
2016,lexus,nx
2017,lexus,nx
2018,lexus,nx
2015,lexus,nx hybrid
2016,lexus,nx hybrid
2017,lexus,nx hybrid
2018,lexus,nx hybrid
2010,lexus,ls
2011,lexus,ls
2012,lexus,ls
2013,lexus,ls
2014,lexus,ls
2015,lexus,ls
2016,lexus,ls
2017,lexus,ls
2018,lexus,ls
2010,lexus,ls hybrid
2011,lexus,ls hybrid
2018,lexus,ls hybrid
2010,lexus,lx
2011,lexus,lx
2013,lexus,lx
2014,lexus,lx
2015,lexus,lx
2016,lexus,lx
2017,lexus,lx
2018,lexus,lx
2011,lexus,ct hybrid
2012,lexus,ct hybrid
2013,lexus,ct hybrid
2014,lexus,ct hybrid
2015,lexus,ct hybrid
2016,lexus,ct hybrid
2018,lexus,ct hybrid
2018,lexus,lfa
2010,lexus,is f
2018,lexus,is f
2013,lexus,es hybrid
2014,lexus,es hybrid
2015,lexus,es hybrid
2016,lexus,es hybrid
2017,lexus,es hybrid
2018,lexus,es hybrid
2018,lexus,es hybrid
2010,lexus,gs hybrid
2011,lexus,gs hybrid
2013,lexus,gs hybrid
2014,lexus,gs hybrid
2015,lexus,gs hybrid
2016,lexus,gs hybrid
2017,lexus,gs hybrid
2018,lexus,gs hybrid
2010,lexus,es
2011,lexus,es
2012,lexus,es
2013,lexus,es
2014,lexus,es
2015,lexus,es
2016,lexus,es
2017,lexus,es
2018,lexus,es
2018,lexus,es
2010,lexus,rx hybrid
2011,lexus,rx hybrid
2012,lexus,rx hybrid
2013,lexus,rx hybrid
2014,lexus,rx hybrid
2015,lexus,rx hybrid
2016,lexus,rx hybrid
2017,lexus,rx hybrid
2018,lexus,rx hybrid
2015,audi,q3
2016,audi,q3
2017,audi,q3
2018,audi,q3
2010,audi,q5
2011,audi,q5
2012,audi,q5
2013,audi,q5
2014,audi,q5
2015,audi,q5
2016,audi,q5
2017,audi,q5
2018,audi,q5
2010,audi,a6 wagon
2018,audi,a6 wagon
2010,audi,q7
2011,audi,q7
2012,audi,q7
2013,audi,q7
2014,audi,q7
2015,audi,q7
2017,audi,q7
2018,audi,q7
2010,audi,tt
2011,audi,tt
2012,audi,tt
2013,audi,tt
2014,audi,tt
2015,audi,tt
2016,audi,tt
2017,audi,tt
2018,audi,tt
2010,audi,a4 wagon
2011,audi,a4 wagon
2018,audi,a4 wagon
2010,audi,r8
2012,audi,r8
2014,audi,r8
2015,audi,r8
2017,audi,r8
2018,audi,r8
2010,audi,a3
2011,audi,a3
2012,audi,a3
2013,audi,a3
2015,audi,a3
2016,audi,a3
2017,audi,a3
2018,audi,a3
2010,audi,a5
2011,audi,a5
2012,audi,a5
2013,audi,a5
2014,audi,a5
2015,audi,a5
2016,audi,a5
2017,audi,a5
2018,audi,a5
2010,audi,a4
2011,audi,a4
2012,audi,a4
2013,audi,a4
2014,audi,a4
2015,audi,a4
2016,audi,a4
2017,audi,a4
2018,audi,a4
2012,audi,a7
2013,audi,a7
2014,audi,a7
2015,audi,a7
2016,audi,a7
2017,audi,a7
2018,audi,a7
2010,audi,a6
2011,audi,a6
2012,audi,a6
2013,audi,a6
2014,audi,a6
2015,audi,a6
2016,audi,a6
2017,audi,a6
2018,audi,a6
2010,audi,a8
2011,audi,a8
2012,audi,a8
2013,audi,a8
2014,audi,a8
2015,audi,a8
2016,audi,a8
2017,audi,a8
2018,audi,a8
2013,audi,allroad
2014,audi,allroad
2015,audi,allroad
2016,audi,allroad
2017,audi,allroad
2018,audi,allroad
